admin,381
test,265
ubuntu,243
user,227
postgres,219
oracle,111
git,100
mysql,96
deploy,91
ftpuser,81
www,60
guest,54
nagios,52
minecraft,48
testuser,46
jenkins,45
teamspeak,42
server,37
user1,37
test1,36
web,36
administrator,34
dev,34
hadoop,34
ts3,34
tester,33
alex,32
steam,32
ec2-user,31
tomcat,31
demo,30
ftp,28
uftp,28
student,27
support,26
developer,25
redmine,24
debian,23
sinusbot,23
zabbix,22
ftp_user,21
sysadmin,21
ts,21
vbox,21
nexus,20
suporte,20
teste,20
user3,20
usuario,20
vnc,20
daniel,19
info,19
bot,18
cloud,18
upload,18
test2,17
testftp,17
user2,17
admin1,16
centos,16
csgoserver,16
ftptest,16
kafka,16
ansible,15
ftpadmin,15
mc,15
odoo,15
teamspeak3,15
temp,15
tom,15
deployer,14
helpdesk,14
jira,14
john,14
mcserver,14
pi,14
sammy,14
ts3bot,14
ts3server,14
anna,13
app,13
pentaho,13
webadmin,13
webuser,13
arkserver,12
chris,12
david,12
docker,12
frank,12
hduser,12
prueba,12
sam,12
samba,12
system,12
tmp,12
andrey,11
celery,11
michael,11
monitor,11
noc,11
office,11
public,11
tim,11
webmaster,11
wp,11
adam,10
andy,10
b,10
csgo,10
db2inst1,10
jason,10
jeremy,10
juan,10
robert,10
spark,10
vmail,10
weblogic,10
administrador,9
andrew,9
build,9
csserver,9
jack,9
librenms,9
master,9
max,9
mongo,9
r,9
scan,9
sebastian,9
sentry,9
soporte,9
squid,9
stefan,9
svn,9
toor,9
vps,9
vyatta,9
william,9
amit,8
apache,8
ben,8
carlos,8
db2fenc1,8
e,8
elasticsearch,8
fctrserver,8
gmodserver,8
gpadmin,8
grid,8
gw,8
jordan,8
kevin,8
le,8
manager,8
martin,8
miner,8
musicbot,8
newuser,8
paul,8
radio,8
team,8
testing,8
ts3srv,8
zk,8
aaron,7
adrian,7
al,7
aman,7
apagar,7
ark,7
bash,7
boss,7
camera,7
cc,7
charles,7
confluence,7
contact,7
develop,7
don,7
dspace,7
ela,7
erp,7
es,7
factorio,7
ht,7
iz,7
jan,7
jd,7
Joshua,7
julie,7
kim,7
l,7
lee,7
leon,7
libuuid,7
lynn,7
matthew,7
new,7
openerp,7
oper,7
pos,7
ps,7
redis,7
rick,7
roo,7
root1,7
sb,7
service,7
sftp,7
share,7
smbuser,7
splunk,7
st,7
student1,7
sysop,7
toto,7
transfer,7
user4,7
userftp,7
webadm,7
xavier,7
youtrack,7
yy,7
zj,7
123,6
abc,6
abhishek,6
abuse,6
account,6
anita,6
backups,6
bruno,6
cible,6
cs,6
cx,6
dan,6
default,6
django,6
edwin,6
elastic,6
emil,6
epg,6
eric,6
german,6
ghost,6
internal,6
isaac,6
jake,6
jean,6
jupyter,6
k,6
kouki,6
lcy,6
lyj,6
maestro,6
musikbot,6
nginx,6
nvidia,6
owen,6
rafael,6
ram,6
riley,6
rookie,6
sahil,6
sherry,6
sofia,6
solr,6
stack,6
steven,6
students,6
sumit,6
surya,6
svnuser,6
taiga,6
thomas,6
tommy,6
tony,6
tt,6
tw,6
ubnt,6
user01,6
user6,6
vivek,6
we,6
wp-user,6
zl,6
zy,6
ad,5
admin2,5
adp,5
andre,5
anon,5
anonymous,5
applmgr,5
arma3server,5
ashok,5
ba,5
bai,5
bart,5
benson,5
bitrix,5
bob,5
brian,5
bsnl,5
cacti,5
cactiuser,5
celia,5
cheng,5
cn,5
contable,5
cristian,5
dasusr1,5
data,5
db,5
design,5
dj,5
doctor,5
dp,5
dummy,5
ecastro,5
eddie,5
ejabberd,5
elias,5
ernesto,5
eva,5
felix,5
file,5
files,5
francesco,5
frappe,5
ftpserver,5
ftpuser2,5
fxy,5
georgia,5
guo,5
harry,5
hb,5
hdp,5
he,5
help,5
henry,5
home,5
ibs,5
informix,5
infortec,5
ivan,5
j,5
james,5
joana,5
joel,5
jorge,5
julian,5
jx,5
kodi,5
kon,5
lab,5
ld,5
lol,5
lucia,5
lxj,5
mailtest,5
mario,5
mary,5
mbb,5
min,5
mrl,5
ms,5
od,5
oliver,5
omar,5
pdf,5
pepe,5
peter,5
pf,5
pgsql,5
port,5
portal,5
postmaster,5
pradeep,5
prashant,5
pys,5
rajesh,5
renato,5
replicator,5
rosemarie,5
rsync,5
rust,5
rustserver,5
ryan,5
samp,5
scaner,5
shinken,5
shubh,5
sinus,5
siva,5
sk,5
sompong,5
son,5
sql,5
stavis,5
super,5
sysadm,5
tang,5
tanya,5
tata,5
test3,5
testadmin,5
testmail,5
toc,5
tunnel,5
ucpss,5
udin,5
user002,5
user10,5
user5,5
username,5
victor,5
vinod,5
vishal,5
vlad,5
website,5
wildfly,5
wordpress,5
worker,5
wqa,5
xk,5
xu,5
xzw,5
yx,5
zd,5
zhanglei,5
zw,5
zyc,5
1111,4
aaaa,4
ab,4
adeus,4
adminuser,4
akash,4
akhan,4
alberto,4
aldo,4
andrea,4
andrii,4
angel,4
ankit,4
anton,4
apache2,4
aps,4
ard,4
ari,4
ars,4
ashish,4
asus,4
attachments,4
auxiliar,4
awd,4
back,4
best,4
biadmin,4
blg,4
bmo,4
bnc,4
bot1,4
bp,4
bserver,4
ca,4
cafe24,4
cam,4
camille,4
carolina,4
cesar,4
chaitanya,4
christa,4
cnt,4
code,4
colin,4
composer,4
cos,4
cssserver,4
cy,4
czl,4
dad,4
dai,4
dante,4
deborah,4
den,4
devops,4
devserver,4
devuser,4
dh,4
discordbot,4
dixie,4
dki,4
ds,4
dss,4
dt,4
dwf,4
edmond,4
eis,4
eli,4
elvis,4
email,4
emily,4
est,4
esuser,4
eugene,4
evan,4
eve,4
ex,4
fabiana,4
family,4
felipe,4
firewall,4
forum,4
foswiki,4
gao,4
geral,4
gg,4
gm,4
gogs,4
gs,4
gtp,4
guest2,4
guest3,4
hassan,4
helong,4
homepage,4
hua,4
huang,4
huawei,4
huy,4
ifc,4
import,4
infa,4
jacky,4
jboss,4
jeff,4
jenkin,4
jennifer,4
jerry,4
jesa,4
jesse,4
jesus,4
jht,4
jiaxing,4
jie,4
jimmy,4
jm,4
joao,4
joomla,4
jose,4
jrodriguez,4
Justin,4
kd,4
kenny,4
kf2server,4
kirill,4
klaudia,4
ko,4
lab5,4
lachlan,4
lakshmi,4
laravel,4
laura,4
ldo,4
leo,4
leonidas,4
lh,4
liam,4
lin,4
login,4
louis,4
ls,4
luan,4
lukas,4
lyt,4
m,4
magno,4
mailer,4
mailuser,4
marcel,4
marcelo,4
marcin,4
marco,4
marcus,4
matthieu,4
maxime,4
mb,4
mike,4
mis,4
mmi,4
mo,4
mongod,4
mongodb,4
monkey,4
mouse,4
mqm,4
myftp,4
nadav,4
nan,4
nate,4
nelson,4
node,4
norberto,4
nut,4
ny,4
oc,4
operador,4
operator,4
oscar,4
otrs,4
paloma,4
pankaj,4
patricia,4
patrick,4
pawan,4
pc,4
pic,4
plex,4
pn,4
pool,4
postgre,4
priya,4
project,4
qno,4
qwe,4
ra,4
rabbitmq,4
ravi,4
raz,4
rebecca,4
reddy,4
reza,4
rider,4
rita,4
rizky,4
rnd,4
ron,4
rstudio,4
rtest,4
rv,4
sa,4
sales,4
sandi,4
sbk,4
sdi,4
sdtdserver,4
serveur,4
sg,4
sharon,4
shaun,4
shop,4
sky,4
sl,4
sonar,4
ssl,4
stp,4
stu,4
suman,4
suresh,4
swc,4
t,4
taxi,4
teamspeak2,4
test0,4
test01,4
teste2,4
testtest,4
testuser1,4
tg,4
theo,4
tiago,4
tibero6,4
timemachine,4
tina,4
tmax,4
tomek,4
tp,4
track,4
ts2,4
udk,4
update,4
uploader,4
uranus,4
user0,4
usergrid,4
usuario1,4
ut99server,4
utilisateur,4
uva,4
uyt,4
valerie,4
vam,4
var,4
vbc,4
virtual,4
visitor,4
vladimir,4
vlt,4
vncuser,4
vodafone,4
vpn,4
wangqiang,4
web3,4
webmail,4
wing,4
wkz,4
wl,4
wms,4
work,4
wyq,4
x,4
xb,4
xiaohui,4
xuxijun,4
xwj,4
xyz,4
yangningxin,4
yh,4
yyb,4
yyf,4
zcy,4
zeyu,4
zf,4
zhangsan,4
zx,4
zyb,4
9,3
7days,3
abas,3
abcs,3
abel,3
adi,3
aditya,3
admin02,3
admin10,3
adminrig,3
adriana,3
adsl,3
agent,3
ahmed,3
aida,3
aj,3
ajay,3
akiyama,3
alan,3
alejo,3
alexis,3
alfa,3
alvaro,3
am,3
ami,3
anderson,3
angela,3
angie,3
annam,3
anne,3
ansibleuser,3
antonella,3
antonio,3
anu,3
apacheds,3
apple,3
aris,3
arm,3
arnaud,3
arojas,3
as,3
ass,3
asterisk,3
atm,3
atualiza,3
austin,3
avon,3
ax,3
ayw,3
backuppc,3
bao,3
bar,3
bav,3
benoit,3
bernard,3
bgp,3
bhaskar,3
bhushan,3
bhx,3
bi,3
big,3
bigdata,3
bikegate,3
billy,3
bkp,3
bkup,3
bms,3
bn,3
bogota,3
bookings,3
bos,3
bpc,3
brooklyn,3
bs,3
bwadmin,3
bx,3
bxu,3
caleb,3
carla,3
cd,3
cedric,3
center,3
ch,3
cha,3
chang,3
chart,3
chenpq,3
chenwei,3
chenwk,3
christian,3
chuck,3
cisco,3
ck,3
clara,3
client,3
cloudadmin,3
clue,3
cluster,3
cme,3
cola,3
com,3
comercial,3
commun,3
contabil,3
contest,3
cooper,3
copy,3
corentin,3
cpanel,3
cron,3
cwm,3
cynthia,3
dac,3
dani,3
danny,3
darwin,3
db2user,3
dell,3
denis,3
desenv,3
df,3
diego,3
digiacomo,3
ding,3
diogo,3
divya,3
djh,3
dmr,3
dominique,3
dongmyeong,3
downloads,3
dragan,3
drx,3
dsc,3
dso,3
dst,3
dstat,3
dxq,3
echo,3
ed,3
edi,3
edith,3
edu,3
eduard,3
edward,3
elena,3
els,3
ems,3
ep,3
er,3
esa,3
eth,3
ews,3
explorer,3
externo,3
fabian,3
fanny,3
fer,3
fileshare,3
finn,3
firebird,3
firefart,3
five,3
florian,3
ftp-user,3
ftp2,3
ftpuser1,3
ftpusr,3
fw,3
fxl,3
fy,3
g,3
ganyi,3
gaowei,3
gb,3
gcc,3
gch,3
geek,3
gengjiao,3
geobox,3
george,3
geoserver,3
ginger,3
gitlab,3
gitlab-runner,3
giuseppe,3
gl,3
globalflash,3
gmod,3
goncalo,3
gorge,3
gosc,3
gpr,3
grace,3
greatwall,3
gt,3
guest10,3
gzd,3
gzg,3
habib,3
harish,3
harold,3
hc,3
hdfs,3
hec,3
hello,3
hexing,3
hiperg,3
hmj,3
hmn,3
hms,3
homer,3
hostmaster,3
howard,3
hpb,3
hr,3
hugo,3
hy,3
ian,3
idea,3
iga,3
ima,3
insserver,3
internet,3
iqbal,3
iraf,3
ircd,3
iris,3
isabel,3
isabella,3
it,3
itc,3
ix,3
jamie,3
jasmine,3
jasper,3
javier,3
jay,3
jayrock,3
jdc,3
jin,3
jing,3
jjjjj,3
jmy,3
jon,3
josh,3
jsserver,3
julien,3
jxs,3
karen,3
kelly,3
ken,3
kermit,3
keshav,3
kettle,3
kiki,3
kp,3
krishna,3
kumar,3
kyh,3
labor,3
labuser,3
lara,3
latisha,3
lc,3
lcm,3
ldm,3
lf,3
lgi,3
lgy,3
lhd,3
lhy,3
li,3
lihao,3
linjk,3
Linux,3
liuhaoran,3
liuwei,3
liwen,3
lixiao,3
liyan,3
liyang,3
ljm,3
lls,3
lly,3
local,3
lois,3
lorenzo,3
lsx,3
lucas,3
luke,3
lw,3
lxd,3
ly,3
lyq,3
lyy,3
lz,3
lzy,3
m1,3
magento,3
mahdi,3
mail1,3
malaga,3
maluks,3
manas,3
manfred,3
manoj,3
mapr,3
mar,3
marcia,3
mari,3
marija,3
marketing,3
marlon,3
marsh,3
mateo,3
matlab,3
mattes,3
mcr,3
mcserv,3
md,3
mfg,3
mfo,3
mgm,3
mia,3
michal,3
michel,3
michelle,3
mirko,3
miura,3
mmm,3
mmx,3
moh,3
mongouser,3
mori,3
mosquitto,3
motion,3
movies,3
mpp,3
mtg,3
munin,3
music,3
mustafa,3
mve,3
mysftp,3
mysql2,3
mzd,3
naman,3
nemo,3
nessa,3
net,3
nfs,3
nicolas,3
night,3
nina,3
nix,3
nn,3
noel,3
nora,3
nox,3
nrk,3
nsa,3
nz,3
okamura,3
olt,3
om,3
oms,3
oneadmin,3
ood,3
op,3
orange,3
orlando,3
osman,3
osni,3
ot,3
ov,3
ovs,3
owncloud,3
panda,3
panel,3
paolo,3
partner,3
pete,3
peu01,3
pgadmin,3
phillip,3
pia,3
pip,3
planning,3
plano,3
platinum,3
pm,3
pma,3
pmh,3
poc,3
potato,3
prasad,3
praveen,3
print,3
printer,3
production,3
program,3
projects,3
prueba1,3
psh,3
py,3
python,3
qce,3
qu,3
quercia,3
radik,3
radu,3
rafal,3
rails,3
raja,3
rancher,3
ray,3
rb,3
rc,3
rcj,3
renata,3
rh,3
ric,3
ricardo,3
rld,3
rly,3
robot,3
roger,3
rohit,3
roland,3
roman,3
rose,3
roundcube,3
rp,3
rr,3
rs,3
rw,3
sac,3
sad,3
salman,3
sambauser,3
samira,3
samplee,3
sandro,3
santosh,3
sarah,3
satheesh,3
sati,3
sbi,3
sdc,3
sean,3
search,3
secure,3
seedbox,3
sergio,3
server01,3
server1,3
sftpuser,3
sha,3
shaker,3
shane,3
shekhar,3
shenjun,3
shikha,3
shoutcast,3
shreya,3
sidney,3
sierra,3
silas,3
silvia,3
simon,3
sistemas,3
site,3
sj,3
skype,3
sls,3
soan,3
software,3
sonia,3
sophia,3
sophie,3
spencer,3
spotlight,3
sq,3
ss,3
sshuser,3
ssp,3
stacy,3
staff,3
stars,3
station,3
stefano,3
stephanie,3
steve,3
stream,3
stserver,3
sttest,3
student2,3
student4,3
stunnel,3
sunshine,3
superadmin,3
swb,3
takamatsu,3
tan,3
tao,3
tariq,3
tech,3
ted,3
ten,3
terraria,3
terrariaserver,3
tes,3
test_user,3
test02,3
test123,3
testing1,3
testt,3
testusr,3
tf,3
tgt,3
th,3
thais,3
thiago,3
thor,3
thp,3
tian,3
titan,3
tmpuser,3
tms,3
tobias,3
toby,3
tom1,3
tomas,3
torus,3
trac,3
training,3
tricia,3
trinity,3
tuser,3
tv,3
uap,3
ubb,3
ud,3
ug,3
umulus,3
untu,3
upgrade,3
user100,3
user9,3
usr01,3
ust,3
ustin,3
usuario2,3
utm,3
vadmin,3
vendas,3
veritas,3
ves,3
vet,3
victoria,3
viet,3
vikas,3
vikram,3
vinay,3
vince,3
virl,3
visitante,3
vm,3
voip,3
vp,3
vuser,3
vvn,3
walter,3
wangjie,3
wangjinyu,3
watcher,3
wb,3
webapp,3
webmin,3
webtest,3
weixin,3
wendy,3
wes,3
whz,3
will,3
wilson,3
winnie,3
wowza,3
wuwu,3
ww,3
wxl,3
wz,3
wzr,3
wzy,3
xerox,3
xh,3
xiong,3
xp,3
xpp,3
xq,3
xum,3
xx,3
yamada,3
yan,3
yang,3
yangtingwei,3
yao,3
yjl,3
ykl,3
yo,3
yq,3
ysp,3
yt,3
yuhui,3
yujie,3
ywc,3
yzi,3
yzj,3
z,3
zb,3
zcp,3
zero,3
zeus,3
zgf,3
zhang,3
zhangbo,3
zhanghaiyang,3
zhanghao,3
zhanghui,3
zhao,3
zhk,3
zimbra,3
zqm,3
zsc,3
zv,3
zvo,3
zxcloudsetup,3
zym,3
zyx,3
zzh,3
zzq,3
zzw,3
2,2
6,2
18,2
a,2
aa,2
aaliyah,2
aar,2
abb,2
abby,2
abc123,2
abd,2
abhi,2
abhijeet,2
academy,2
accounting,2
acct,2
acs,2
activemq,2
adb,2
adk,2
admin123,2
admin5,2
admindb,2
admins,2
adu,2
adva,2
aegis,2
agentegerais,2
agus,2
agustin,2
agustina,2
ajc,2
aje,2
ajl,2
akio,2
alameda,2
albatros,2
albina,2
ale,2
alessandra,2
alessandro,2
alexk,2
alfred,2
alfredo,2
alfresco,2
alin,2
allison,2
alon,2
alpine,2
alvin,2
ama,2
amano,2
amavis,2
amber,2
amin,2
amir,2
amministratore,2
amor,2
amstest,2
amuel,2
anais,2
anand,2
anchal,2
andres,2
andris,2
android,2
angelica,2
angelo,2
angular,2
anj,2
anni,2
anselm,2
anselmo,2
antoine,2
anuj,2
any,2
apacher,2
aplmgr01,2
appman,2
appserver,2
appuser,2
april,2
apt-mirror,2
archive,2
arg,2
arif,2
arijit,2
arma3,2
artik,2
arts,2
aru,2
arun,2
arvind,2
asd,2
ash,2
asif,2
asp,2
aster,2
asteriskuser,2
atendimento,2
atul,2
audio,2
audrey,2
aur,2
autologin,2
avi,2
avinash,2
aw,2
azure,2
azureuser,2
b3,2
baby,2
backuper,2
bacula,2
bae,2
baldo,2
bamboo,2
baoyu,2
barney,2
barry,2
batch,2
bbc,2
bc,2
bcb,2
bcx,2
bdadmin,2
bdl,2
beatriz,2
benjamin,2
benny,2
bernadette,2
beta,2
bf2,2
bh,2
bhavin,2
biba,2
biblioteca,2
bill,2
bis,2
biswajit,2
bitnami,2
biz,2
bk,2
ble,2
blog,2
bma,2
board,2
bobby,2
bobi,2
bogdan,2
bonny,2
bot2,2
bots,2
bounce,2
bow,2
bpi,2
braden,2
bravo,2
brix,2
bruce,2
bruna,2
bryan,2
bryce,2
bty,2
budi,2
bug,2
bukkit,2
bungee,2
buser,2
butterer,2
bwp,2
bww,2
bxl,2
byc,2
cable,2
cafe,2
calista,2
calvin,2
carbon,2
carol,2
cassandra,2
castis,2
caterina,2
cb,2
cbq,2
ccm,2
ccr,2
cdc,2
cdh,2
cdj,2
cdn,2
cdo,2
cdsmgr,2
cecile,2
celeste,2
cem,2
cer,2
cf,2
cfb,2
cgc,2
chandan,2
chao,2
charlie,2
charlotte,2
chase,2
chen,2
chengyu,2
chenkai,2
chenrui,2
chenxuwu,2
cheryl,2
chn,2
chocolateslim,2
christine,2
christoph,2
chromeuser,2
chu,2
chungheon,2
cic,2
cid,2
cie,2
cjh,2
cjl,2
clare,2
client1,2
clock,2
clovis,2
clz,2
cma,2
cms,2
co,2
coco,2
cod4,2
cognos,2
common,2
compras,2
contador,2
copie,2
corona,2
corr,2
cot,2
courier,2
cpd,2
cperez,2
cpf,2
cps,2
cq,2
craig,2
crawler,2
credit,2
crh,2
cristina,2
csczserver,2
csi,2
cst,2
csw,2
ctk,2
cu,2
cub,2
cumulus,2
cups,2
customerservice,2
cut,2
cvn,2
cwt,2
cxl,2
cxwh,2
cxz,2
cychen,2
cyclone,2
cyril,2
cyrus,2
cyx,2
cz,2
czq,2
czt,2
d,2
dados,2
dag,2
daniela,2
daniella,2
danish,2
dany,2
dasha,2
davide,2
dcj,2
dda,2
ddos,2
ddz,2
dedy,2
deepmagic,2
delete,2
deluge,2
demouser,2
deployment,2
des,2
desarrollo,2
desliga,2
dev2,2
devel,2
device,2
dexter,2
dg,2
dgy,2
dhg,2
dhn,2
diane,2
did,2
dina,2
dinesh,2
dino,2
dir,2
disco,2
dispatch,2
diz,2
dky,2
dl,2
dll,2
dm,2
dmi,2
dmp,2
doc,2
dockeradmin,2
domingos,2
domino,2
dongwei,2
doom,2
dovecot,2
down,2
download,2
dpi,2
dqq,2
drcom,2
dream,2
drone,2
drop,2
dropbox,2
drupal,2
dtr,2
dulce,2
dut,2
dv,2
dw,2
dy,2
dzh,2
ebay,2
ebs,2
ecg,2
edit,2
edp,2
edt,2
eduardo,2
ee,2
eeg,2
efm,2
efs,2
eg,2
ejbca,2
eliane,2
elise,2
elli,2
em,2
emma,2
emp,2
emu,2
emv,2
enc,2
engineering,2
erica,2
erick,2
esadmin,2
ethan,2
etherpad,2
ethos,2
etluser,2
etm,2
etrust,2
ever,2
everton,2
example,2
ey,2
fabrice,2
factory,2
faisal,2
fang,2
fast,2
fcs,2
fei,2
femi,2
feng,2
fengjinmei,2
fenix,2
fernanda,2
fernando,2
fg,2
fhl,2
fides,2
filer,2
filip,2
film,2
fiona,2
fjm,2
flex,2
flo,2
flow,2
flower,2
fm,2
fmf,2
fms,2
fn,2
fourjs,2
fox,2
fp,2
fpc,2
francis,2
francois,2
franklin,2
fredy,2
ftb,2
ftp01,2
ftpd,2
ftphome,2
ftptest1,2
ftpusers,2
fuck,2
fuyu,2
ga,2
gabriel,2
gabriela,2
game,2
ganesh,2
garibaldi,2
gas,2
gbase,2
gbm,2
gc,2
gdjenkins,2
gek,2
gentoo,2
geoeast,2
geoff,2
gerald,2
gerrit,2
gerrit2,2
gerry,2
ghu,2
giga,2
gigi,2
girish,2
girl,2
gitblit,2
gjw,2
glf,2
gloria,2
gnuhealth,2
god,2
gok,2
gourav,2
gp,2
greg,2
gregory,2
grq,2
grupo2,2
gsh,2
gts,2
guang,2
guest01,2
guest1,2
guest6,2
guestuser,2
guoman,2
gusiyu,2
gv,2
hack,2
hacked,2
hacker,2
hal,2
halley,2
hamza,2
hanna,2
hannah,2
hannes,2
hans,2
hao,2
haoxian,2
haresh,2
hary,2
health,2
heather,2
hek,2
helga,2
hellen,2
hemant,2
hengda,2
henk,2
herman,2
hermann,2
hernando,2
hezoujie,2
hg,2
hhh,2
hien,2
himanshu,2
his,2
history,2
hj,2
hk,2
hl,2
hlds,2
hong,2
hp,2
hpr,2
hqy,2
hs,2
hsl,2
hst,2
hts,2
hub,2
hue,2
hurt,2
huw,2
hxeadm,2
hxw,2
hxz,2
hydra,2
hywang,2
hyy,2
hz,2
hzp,2
iac,2
ibmuser,2
ice,2
icinga,2
ict,2
iesteban,2
ifp,2
ignacio,2
igs,2
ika,2
ikan,2
image,2
imobilis,2
imu,2
ina,2
inacio,2
indigo,2
indrajit,2
ins,2
inspur,2
inssserver,2
inst01,2
instagram,2
installer,2
intekhab,2
intel,2
interview,2
inv,2
inventario,2
inventory,2
invitado,2
ioana,2
ionut,2
iot,2
iov,2
ip,2
ira,2
irfan,2
isha,2
isis,2
ismail,2
isp,2
ispconfig,2
israel,2
itadmin,2
itk,2
itp,2
its,2
ivo,2
ivone,2
iwan,2
jabber,2
jairo,2
jak,2
jana,2
jb,2
jcf,2
jcm,2
jdoe,2
jenns,2
jessie,2
jetty,2
jg,2
jia,2
jiankong,2
jiao,2
jib,2
jihye,2
jike,2
jim,2
jinzhenj,2
jj,2
jjh,2
jko,2
jmd,2
jo,2
joanna,2
joaquin,2
jocelyn,2
joerg,2
joice,2
join,2
jonel123,2
joseluis,2
jp,2
jqliu,2
jrun,2
jsp,2
jsz,2
jts3,2
juliet,2
jump,2
jung,2
jur,2
jv,2
jyothi,2
ka,2
kamiya,2
kara,2
karim,2
karol,2
katy,2
kav,2
kawamoto,2
kck,2
kea,2
kel,2
keller,2
kelvin,2
kent,2
kepler,2
keystone,2
kg,2
kido,2
kimhuang,2
kimmy,2
kiosk,2
kjell,2
kkc,2
kma,2
kmueller,2
kn,2
knox,2
koen,2
krish,2
kristin,2
kristine,2
kross,2
kshitiz,2
ksw,2
ktw,2
kuaisuweb,2
kyang,2
kyle,2
labuser1,2
ladev,2
landi,2
larry,2
laurence,2
law,2
lazare,2
lb,2
lbx,2
lcw,2
lcx,2
ldx,2
leah,2
leela,2
lei,2
leonard,2
leonardo,2
lewis,2
lgl,2
lgs,2
lhp,2
lhs,2
lhz,2
liangxq,2
liangyzh,2
lianqing,2
lihui,2
lijia,2
lilei,2
lily,2
limao,2
linaro,2
linas,2
linda,2
lines,2
lingna,2
linuxtest,2
lionel,2
liu,2
liuxin,2
livia,2
liw,2
liwei,2
lizhen,2
ljf,2
ljl,2
ljq,2
lko,2
lmm,2
logger,2
logviewer,2
lost,2
low,2
lq,2
lqy,2
lsy,2
luca,2
luciana,2
luiz,2
lukasz,2
luther,2
lutz,2
lv,2
lww,2
lx,2
lxc,2
lxl,2
lxw,2
lyc,2
lyl,2
lym,2
lzhou,2
mabel,2
mack,2
mae,2
mag,2
magda,2
mailbot,2
mailroom,2
main,2
maja,2
malina,2
mam,2
management,2
mani,2
manish,2
manjaro,2
manju,2
manny,2
manu,2
manuel,2
map,2
marc,2
mariadb,2
marie,2
marilia,2
marin,2
marina,2
marinho,2
market,2
markku,2
markus,2
mars,2
mas,2
mata,2
mathew,2
mathieu,2
mati,2
matilda,2
matriz,2
matt,2
maundy,2
mauro,2
maxim,2
maxima,2
mcadmin,2
mcf,2
mch,2
mcq,2
mcqueen,2
mdb,2
med,2
melissa,2
meo,2
merlin,2
mexal,2
mgeweb,2
mgh,2
mgt,2
mi,2
micha,2
michael1,2
miguel,2
miki,2
miklos,2
miller,2
milton,2
mimi,2
mina,2
mine,2
minecraft1,2
minecraftserver,2
mint,2
miroslav,2
mithun,2
mitra,2
mj,2
mji,2
mjt,2
mks,2
mms,2
mns,2
mobil,2
mobile,2
mohamed,2
mona,2
monit,2
monitoramento,2
mono,2
moodle,2
morita,2
move,2
mpd,2
mph,2
mrunal,2
msf,2
msilva,2
msq,2
mssql,2
mta,2
mtb,2
mumble,2
mw,2
mxx,2
mxy,2
mys,2
mysqladmin,2
mysqluser,2
n,2
nabil,2
nada,2
nakajima,2
name,2
nancy,2
nap,2
nat,2
natalia,2
natasha,2
nathaniel,2
naufal,2
nbi,2
ncs,2
ncuser,2
neelima,2
nell,2
nexthink,2
nice,2
nico,2
nicola,2
nigeria,2
nigga,2
niklas,2
nita,2
nitesh,2
niv,2
njk,2
njs,2
nlu,2
nmt,2
nodejs,2
noemi,2
nologin,2
nominatim,2
norbi,2
noreply,2
north,2
npf,2
nr,2
ntn,2
nuke,2
nur,2
oat,2
obama,2
obd,2
ocp,2
ocs,2
odoo9,2
odroid,2
og,2
ohm,2
ola,2
olivier,2
omnix,2
online,2
ons,2
oozie,2
opc,2
open,2
openbravo,2
openproject,2
openuser,2
operations,2
opo,2
opr,2
oprofile,2
oracle1,2
oracle2,2
oracles,2
oraprod,2
orbit,2
orca,2
original,2
osa,2
osboxes,2
osm,2
ospite,2
owa,2
ozzy,2
pablo,2
padeoe,2
paf,2
pagar,2
pam,2
park,2
pascal,2
patrol,2
pavbras,2
payment,2
paypal,2
pc2,2
pd,2
pdv,2
pdx,2
pedro,2
pemp,2
peng,2
perform,2
personal,2
philipp,2
phim18h,2
php,2
phpmy,2
pierre,2
pig,2
piotr,2
pippin,2
pj,2
pl,2
planet,2
play,2
plesk,2
pluto,2
pms,2
po,2
pob,2
pokus,2
popuser,2
portail,2
posp,2
ppp,2
pramod,2
prem,2
prios,2
prisma,2
process,2
produccion,2
produce,2
prof,2
prometheus,2
propamix,2
provider,2
prox,2
pss,2
pulse,2
putty,2
pwrchute,2
pz,2
qcluster,2
qds,2
qmc,2
qrq,2
qsb,2
query,2
qui,2
qwert,2
qxn,2
qzj,2
r00t,2
rabbit,2
rac,2
rachel,2
rachid,2
radius,2
radmin,2
radware,2
rai,2
raj,2
rakhi,2
rama,2
ramses,2
ranga,2
ranger,2
raquel,2
raspberry,2
rcesd,2
rd,2
rdp,2
readonly,2
readuser,2
rebeca,2
reder,2
redhat,2
reginaldo,2
remo,2
remy,2
render,2
renjie,2
repos,2
res,2
rescue,2
reseller,2
returnbikegate,2
reward,2
rf,2
rg,2
rgp,2
richard,2
ricky,2
ricoh,2
rigo,2
rik,2
river,2
rkm,2
rlk,2
rms,2
rmsmnt,2
rob,2
robin,2
rocessor,2
rock,2
roel,2
rogerio,2
rom,2
ronald,2
root2,2
rossana,2
roy,2
rsr,2
rss,2
rtc,2
rubens,2
run,2
runner,2
ruser,2
rushi,2
ruth,2
rx,2
ry,2
s,2
sab,2
sabina,2
sachin,2
safety,2
said,2
sajan,2
sakamoto,2
salar,2
sales1,2
salim,2
salma,2
samad,2
sambaup,2
samir,2
sampserver,2
samson,2
sanat,2
sandbox,2
sandeep,2
sanjay,2
santos,2
saroj,2
sas,2
saumya,2
saurabh,2
scanner,2
scarface,2
scheduler,2
schmidt,2
scott,2
scp,2
scpuser,2
scr,2
scs,2
sd,2
sdn,2
se,2
seafile,2
seed,2
send,2
sensor,2
seo,2
seongmin,2
ser,2
serena,2
serv,2
servicedesk,2
servidor1,2
seth,2
sftptest,2
sgeadmin,2
sgp,2
sgr,2
sgs,2
shamim,2
shantel,2
shaohong,2
sharks,2
shashank,2
shawnding,2
shc,2
sheila,2
sherlock,2
shiela123,2
shimada,2
shing,2
shiny,2
shit,2
shop1,2
show,2
shreya1,2
shuang,2
shuchang,2
sie,2
sii,2
silke,2
silvano,2
simone,2
simpsons,2
simulator,2
sin,2
sir,2
sistema,2
site01,2
sjen,2
sjg,2
sjj,2
sjt,2
sjy,2
ska,2
skg,2
skk,2
smkim,2
smp,2
snoopy,2
snow,2
soa,2
soap,2
soma,2
sonarr,2
song,2
sp,2
spa,2
space,2
spam,2
speedtest,2
spoj0,2
spread,2
sri,2
sridhar,2
srm,2
sso,2
sst,2
ssu,2
st2,2
staffc,2
stagiaire,2
start,2
stats,2
steam1,2
steamcmd,2
stock,2
storm,2
story,2
stu1,2
stud,2
student04,2
student6,2
stunnel4,2
subhash,2
subzero,2
sudeep,2
sudo,2
suisse,2
sun,2
sunil,2
sunny,2
supporto,2
sven,2
svg,2
svt,2
sw,2
swords,2
sy,2
sybase,2
syed,2
syf,2
sysbackup,2
szk,2
t2,2
takahashi,2
takashi,2
tamas,2
tangyong,2
tania,2
tanvir,2
taoli,2
tarcisio,2
tb,2
tc,2
te,2
teacher1,2
team1,2
team2,2
team3,2
techuser,2
tecnica,2
tecnico,2
telkom,2
telnet,2
template,2
templates,2
tempo,2
temporal,2
ter,2
terry,2
test04,2
test10,2
test5,2
test6,2
tests,2
testu,2
testuser2,2
tf2,2
tftpd,2
tgp,2
tgv,2
tgy,2
thai,2
thierry,2
ths,2
tibero,2
tidb,2
tiewenbin,2
tiger,2
time,2
tinashe,2
tju1,2
tk,2
tmf,2
tod,2
todd,2
tol,2
tomcat2,2
tool,2
tor,2
tose,2
tower,2
tphan,2
tracy,2
train,2
treino,2
trobz,2
tsa,2
tsbot,2
tsc,2
tsg,2
tth,2
tux,2
tuxedo,2
twintown,2
ty,2
tzy,2
u,2
u1,2
uat,2
ubadmin,2
ubuntu1,2
ulia,2
uma,2
uni,2
uno85,2
updater,2
uru,2
use,2
user_1,2
user03,2
user11,2
user12,2
usj,2
usuarios,2
uta,2
uts,2
vagrant,2
vaibhav,2
valentin,2
valentine,2
vanessa,2
vcc,2
venta,2
ventas,2
vero,2
version,2
vertica,2
vfp,2
vftp,2
video,2
viktor,2
vim,2
vinci,2
vinicius,2
virgil,2
virginia,2
vision,2
vito,2
vitor,2
vivian,2
vl,2
vlado,2
vlc,2
vli,2
vmi,2
vms,2
vod,2
vogel,2
volker,2
vox,2
vq,2
vr,2
vyos,2
wacos,2
wangchen,2
wanghe,2
wangjing,2
wangjw,2
wangkang,2
wangli,2
wangmeng,2
wangtao,2
wangwei,2
wangxin,2
wangyu,2
was,2
wayne,2
web5,2
webapps,2
webserver,2
webtool,2
wenbo,2
wendi,2
wengjiong,2
wenyan,2
werkstatt,2
wesley,2
wg,2
white,2
wialon,2
willie,2
willy,2
windows,2
wn,2
wocloud,2
wolfgang,2
wor,2
work1,2
workshop,2
wpc,2
wrc,2
wubin,2
wuf,2
wup,2
www-upload,2
wx,2
wxd,2
wxw,2
wyf,2
wyy,2
wzc,2
wzj,2
wzk,2
wzt,2
wzx,2
xbz,2
xc,2
xg,2
xing,2
xli,2
xmq,2
xmr,2
xr,2
xsy,2
xt,2
xti,2
xun,2
xw,2
xwb,2
xwp,2
xxl,2
xxt,2
xz,2
yamamoto,2
yamazaki,2
yangzhengwu,2
yanyb,2
yb,2
ycn,2
yen,2
yf,2
ygm,2
ygq,2
yhh,2
yhlee,2
yhs,2
yifan,2
yizhi,2
yj,2
yjh,2
yjj,2
yjy,2
ykim,2
ym,2
yong,2
yoyo,2
ypt,2
yqc,2
ysh,2
yslee,2
ysw,2
ywang,2
ywb,2
yz,2
yzf,2
za,2
zahid,2
zain,2
zan,2
zas,2
zbj,2
zee,2
zfm,2
zgh,2
zh,2
zhangfeng,2
zhangx,2
zhangyong,2
zhangyuxiang,2
zhengzhou,2
zhl,2
zhou,2
ziang,2
zjw,2
zlj,2
zlw,2
zmh,2
zmy,2
znc,2
zookeeper,2
zpf,2
zph,2
zq,2
zsl,2
zsx,2
zsy,2
zt,2
zte,2
zwg,2
zwj,2
zxin10,2
zxincsap,2
zxl,2
zyw,2
1,1
3,1
7,1
8,1
10,1
13,1
101,1
111,1
911,1
1232,1
1234,1
251314,1
1!2@3#4$5%6^,1
123@qwe~~,1
123123qqw,1
123abc!,1
123jyq!@#,1
123QWEasdZXC,1
1q2w3e4r5t`,1
1qwe2asd,1
a1,1
a4,1
aaaaa,1
aac,1
aan,1
aba,1
abe,1
abhay,1
abhinav,1
aboss,1
abs,1
aca,1
accelrys,1
access,1
acer,1
ada,1
adams,1
add,1
ade,1
adelia,1
adempiere,1
adie,1
adis,1
adm,1
admin01,1
admin4,1
admin6,1
admin7,1
admin8,1
admin9,1
adminftp,1
admon,1
adolfo,1
adrien,1
adv,1
aep,1
afa,1
afc,1
afp,1
afr,1
agd,1
agp,1
agr,1
agw,1
ah,1
ahg,1
ahmad,1
ahmet,1
ahsan,1
aiden,1
air,1
airadmin,1
airflow,1
aish,1
aiswaria,1
ajeet,1
ajith,1
albert,1
alec,1
alejandra,1
alejandro,1
aleks,1
alexander,1
alexandra,1
alexandre,1
ali,1
alice,1
alicia,1
alimov,1
alina,1
alix,1
allan,1
allen,1
almacen,1
alt,1
altibase,1
altri,1
alumno,1
aly,1
amal,1
amandabackup,1
amar,1
amer,1
amine,1
aml,1
ammin,1
amol,1
amorozov,1
amos,1
amp,1
amsftp,1
amssys,1
amvx,1
amy,1
ana,1
analytics,1
and,1
anders,1
andes,1
andreas,1
andrzej,1
aneta,1
angus,1
anirudh,1
anisa,1
ankesh,1
ano,1
anoop,1
ans,1
ant,1
anthony,1
anto,1
anuel,1
anupam,1
anurag,1
ao,1
ap,1
apc,1
apeitpanthiya,1
api,1
apollo,1
appadmin,1
appldev,1
appldisc,1
aqq,1
arc,1
arch,1
archana,1
archiver,1
are,1
area,1
ariel,1
arj,1
arjun,1
arlindo,1
armando,1
arq,1
arthur,1
artifactory,1
artin,1
arya,1
asad,1
Asdf@123,1
ashley,1
ashmit,1
ashutosh,1
asshole,1
assist,1
asteriskpbx,1
astra,1
atb,1
atg,1
atlas,1
atlbitbucket,1
ats,1
aud,1
auger,1
augusto,1
auto,1
avendoria,1
avid,1
avr,1
aws,1
awx,1
ay,1
aya,1
azar,1
aziz,1
bailey,1
balu,1
bam,1
banana,1
banca,1
bank,1
baptiste,1
barret,1
bartek,1
basesystem,1
bass,1
batman,1
bbb,1
bbj,1
bbq,1
bdm,1
beginner,1
beni,1
bep,1
bernd,1
bf,1
bft,1
bg,1
bharat,1
bhd,1
bhq,1
billing,1
binny,1
bitcoin,1
bjp,1
bjr,1
bkpuser,1
bl,1
bla,1
black,1
blake,1
bleu,1
blumberg,1
bmc,1
bnv,1
bo,1
bobo,1
bobrien,1
bocloud,1
bodega,1
boge,1
bojan,1
bol,1
boomi,1
boon,1
boost,1
boot,1
boris,1
botmaster,1
bottos,1
box,1
boy,1
bran,1
brendan,1
britain,1
bro,1
brody,1
brother,1
brown,1
bsa,1
buero,1
bugzilla,1
buntu,1
bureau,1
business,1
butter,1
bvm,1
bys,1
byteme,1
c,1
c1,1
cache,1
caio,1
caja01,1
cal,1
caldera,1
camara,1
cameron,1
camila,1
camilo,1
can,1
canal,1
candice,1
captain,1
car,1
cardinal,1
carter,1
casa,1
cat,1
catherine,1
cav,1
cbb,1
cbs,1
ccf,1
ccs,1
cct,1
cda,1
cdk,1
ceara,1
cece,1
celina,1
ces,1
cftp,1
cg,1
cgg,1
chad,1
chan,1
CHANGED,1
chaowei,1
char,1
charis,1
charly,1
chat,1
check,1
checker,1
chef,1
chenjin,1
cherry,1
chester,1
chetan,1
chile,1
chm,1
chong,1
chrf,1
christos,1
chw,1
chy,1
ci,1
cierre,1
cindy,1
cistest,1
ciuser,1
cjp,1
ckc,1
cl,1
clark,1
class,1
claudette,1
claudia,1
claudio,1
clay,1
clemens,1
clement,1
cliente,1
clj,1
clone,1
cloud_user,1
cloudera,1
clouduser,1
cm,1
cmdb,1
cmh,1
cmp,1
cmsftp,1
cmsuser,1
cmz,1
cnm,1
coduoserver,1
coin,1
cok,1
collins,1
condor,1
conectar,1
console,1
consultant,1
conta,1
contabilidad,1
conti,1
cookie,1
cop,1
coracaobobo,1
cosmin,1
cosmo,1
couchdb,1
counterstrike,1
course,1
courtier,1
cracker,1
cris,1
cristiano,1
cristobal,1
csb,1
csc,1
csgo-server,1
csgosrv,1
csp,1
csr,1
css,1
cstrike,1
ct,1
ctc,1
cti,1
ctw,1
cug,1
cuser,1
customer,1
cv,1
cvr,1
cvs,1
cwc,1
cxc,1
cxh,1
cxr,1
cyber,1
cyborg,1
cyn,1
cyr,1
czarek,1
czerda,1
czy,1
daddy,1
dal,1
dallas,1
dana,1
dandan,1
danielle,1
danko,1
darren,1
daryl,1
das,1
dashboard,1
dat,1
database,1
dave,1
daw,1
dawn,1
daxia,1
dayat,1
db2,1
db2inst2,1
db2inst3,1
dbd,1
dbmaker,1
dbuser,1
dc,1
dce,1
dcl,1
ddd,1
de,1
debbie,1
debian-spamd,1
debora,1
debug,1
deloitte,1
delta,1
dem,1
demo1,1
demo2,1
dennis,1
deploy2,1
dereck,1
derrick,1
design2,1
desktop,1
desmond,1
dev1,1
deva,1
development,1
devman,1
dewi,1
dgu,1
dhj,1
di,1
dia,1
diag,1
didi,1
dietpi,1
dio,1
dipak,1
diradmin,1
discovery,1
dita,1
div,1
diy,1
djmax,1
djones,1
djz,1
dkp,1
dkv,1
dlc,1
dle,1
dlink,1
dm1n123,1
dmb,1
dmin,1
dmt,1
dn,1
dnc,1
do,1
dog,1
dokku,1
dolores,1
dom,1
dominic,1
dora,1
doug,1
douglas,1
dpa,1
dpc,1
dqn,1
dr,1
dragos,1
drake,1
drcomadmin,1
drew,1
drricardokacowicz,1
dsadm,1
dstserver,1
dtc,1
dti,1
Duck,1
duser,1
dvd,1
dvg,1
dwc,1
dwp,1
dwu,1
dxc,1
dxp,1
dxz,1
dyc,1
dylan,1
dz,1
eab,1
eagle,1
earl,1
ebd,1
ec2,1
eclipse,1
eco,1
ecommerce,1
economist,1
eddy,1
edgar,1
edge,1
editor,1
edo,1
edu01,1
eduardo2,1
eee,1
eggdrop,1
ego,1
egor,1
eh,1
eka,1
eke,1
eko,1
ekp,1
el,1
elaine,1
elba,1
electrum,1
elemental,1
elev,1
elis,1
elisa,1
elizabeth,1
elk,1
elle,1
elliot,1
elly,1
eloa,1
elsa,1
elsearch,1
ema,1
emanuele,1
emerson,1
emi,1
emile,1
emilie,1
emk,1
emmanuel,1
ena,1
engin,1
enrico,1
enrique,1
ent,1
enter,1
entry,1
eoffice,1
eom,1
eps,1
epv,1
eran,1
ericsson,1
erika,1
erman,1
ernest,1
erver,1
erwin,1
es_user,1
esc,1
esh,1
esp,1
estelle,1
esther,1
eswar,1
et,1
eti,1
etienne,1
etl,1
etq,1
etri,1
europe,1
eversec,1
evertz,1
evv,1
ewg,1
examen,1
exe,1
express,1
external,1
externe,1
fa,1
fabien,1
fabienne,1
fabricio,1
fac,1
facebook,1
factura,1
facturacion,1
faina,1
fan,1
faris,1
fava,1
faxbox,1
fb,1
fbl,1
fc,1
fct,1
fdd,1
fedena,1
fergus,1
fernandazgouridi,1
festival,1
ff,1
fff,1
fgt,1
fh,1
fhem,1
fi,1
fierro,1
fifi,1
filmlight,1
films,1
filter,1
finance,1
fiscal,1
fisk,1
fit,1
fj,1
fk,1
flink,1
florent,1
flw,1
flynn,1
fmaster,1
fmu,1
fmw,1
fog,1
foo,1
foobar,1
forest,1
forge,1
form,1
formation,1
foto,1
fotos,1
four,1
fpt,1
fqd,1
fraga,1
francesca,1
francoise,1
free,1
freedom,1
freeside,1
frida,1
friend,1
friends,1
frontdesk,1
frontend,1
frp,1
frz,1
fsp,1
ftest,1
ftp_test,1
ftp1,1
ftproot,1
ftpsecure,1
ftpu,1
ftpweb,1
ftpwww,1
fuckyou,1
fuhao,1
fuk,1
fuwen,1
fuzihao,1
fwl,1
fxf,1
fyl,1
fzm,1
fzz,1
gaa,1
gabby,1
gaetan,1
galia,1
gamer,1
gameserver,1
gangadhar,1
gary,1
gast,1
gateway,1
gaurav,1
gbc,1
gci,1
gcs,1
gd,1
ge,1
gem,1
genesis,1
geng,1
geo,1
geoffrey,1
georg,1
gera,1
gerencia,1
gerente,1
gfs,1
ggg,1
ghh,1
gian,1
gideon,1
gilberto,1
gilles,1
gio,1
giovanni,1
gis,1
git_user,1
gitolite,1
gituser,1
giulio,1
gj,1
gjj,1
gk,1
gladys,1
glass,1
glassfish,1
glauco,1
glen,1
glh,1
globe,1
gmc,1
gmodserver1,1
gnuworld,1
gog,1
gokul,1
gonzalo,1
gopher,1
gordon,1
got,1
goz,1
gpb,1
gpl,1
gpn,1
grant,1
grc,1
greta,1
griffin,1
griselda,1
gsb,1
gsm,1
gsv,1
gta,1
guest5,1
gui,1
guido,1
guij,1
guillaume,1
guillermo,1
guohanning,1
guohui,1
gustavo,1
gwen,1
gwh,1
gwr,1
gxm,1
gy,1
gyp,1
h,1
ha,1
hadi,1
hadoopuser,1
hah,1
haldaemon,1
halt,1
hang,1
hardware,1
harsh,1
harvey,1
hasan,1
hath,1
hayden,1
hbr,1
hd,1
hehe,1
helen,1
helena,1
hernan,1
herve,1
hexiwen,1
hfsql,1
hgrepo,1
hh,1
hhit,1
hhu,1
hi,1
hive,1
hjh,1
hjy,1
hlab,1
hldmserver,1
hm,1
hml,1
hn,1
hoang,1
honey,1
horacio,1
host,1
hotel,1
hotline,1
hpf,1
hqj,1
hspark,1
hsy,1
hu,1
huanghao,1
huangjl,1
hug,1
hvisage,1
hvu,1
hw,1
hwserver,1
hxc,1
hxhtftp,1
hxhttpadmin,1
hyd,1
hyegyeong,1
hzc,1
hzh,1
hzw,1
hzy,1
ia,1
iaw,1
ibc,1
ible,1
ibm,1
ida,1
idb,1
idc,1
ide,1
iec,1
if,1
igi,1
iii,1
ijc,1
ik,1
ikeda,1
ikr,1
imj,1
imm,1
imp,1
imprime,1
imr,1
imran,1
in,1
indra,1
ines,1
informatica,1
infoweb,1
inma,1
insurgency,1
int,1
integra,1
inter,1
intern,1
inux,1
invite,1
invoices,1
iphone,1
ipt,1
iptv,1
iqc,1
ir,1
ircbot,1
irt,1
irwan,1
isa,1
isaque,1
isc,1
isd,1
iso,1
isseitkd,1
istian,1
italia,1
itmuser,1
itu,1
iulian,1
iview,1
ja,1
jac,1
jacques,1
jaguar,1
jaka,1
jakarta,1
jamil,1
janek,1
janu,1
jaqueline,1
jared,1
jarvis,1
jasmin,1
java,1
javed,1
jbn,1
jdd,1
jeanne,1
jef,1
jefferson,1
jeffrey,1
jenny,1
jeremias,1
jerome,1
jet,1
jeus,1
jh,1
jhl,1
jhon,1
ji,1
jiachen,1
jiale,1
jian,1
jianfei,1
jiangtao,1
jiawei,1
jiaxuan,1
jiayan,1
jincao,1
jitendra,1
jjq,1
jk,1
jlopez,1
jlr,1
jml,1
job,1
jobs,1
joe,1
johan,1
johannes,1
john1,1
jolin,1
jonathan,1
jono,1
josep,1
joseph,1
joyce,1
jquery,1
jrb,1
jrocha,1
jse,1
jsh,1
jsk,1
jss,1
jsu,1
jtd,1
jtorres,1
ju,1
juancarlos,1
juanita,1
judge,1
judi,1
judy,1
jugo,1
juliana,1
juliano,1
jumper,1
jun,1
juniper,1
justus,1
justyna,1
jxt,1
jxu,1
jy,1
jyu,1
kai,1
kakuta,1
kalina,1
kanishk,1
kannel,1
karaz,1
karin,1
karina,1
karl,1
karla,1
kasutaja,1
kat,1
katarina,1
kathryn,1
katja,1
kato,1
katrina,1
kcc,1
kdk,1
ke,1
ked,1
kenji,1
kenneth,1
kernel,1
kf,1
kfserver,1
kfy,1
khaled,1
khalid,1
khs,1
ki,1
kibana,1
killer,1
king,1
kingsley,1
kio,1
kir,1
kirk,1
kishore,1
kitchen,1
kitti,1
kiyana,1
kj,1
kji,1
kkp,1
kl,1
klara,1
kll,1
km,1
kmj,1
kms,1
knoppix,1
knu,1
koha,1
konan,1
konica,1
konrad,1
kory,1
kost,1
kpa,1
kris,1
krm,1
kroener,1
kruger,1
kse,1
kshitij,1
ksi,1
ksp,1
kt,1
kte,1
kub,1
kuba,1
kube,1
kubernetes,1
kuku,1
kun,1
kundan,1
kusanagi,1
kush,1
kusum,1
kw,1
kwu,1
ky,1
kye,1
kys,1
l4d2server,1
lac,1
lager,1
lakim,1
lalitha,1
lalo,1
lam,1
lambda,1
lamp,1
lan,1
larsson,1
laureen,1
lbs,1
lbw,1
ldap,1
ldc,1
ldh,1
lds,1
lea,1
leagsoft,1
leandro,1
lefty,1
legend,1
lemon,1
lena,1
lene,1
leone,1
leos,1
lex,1
lexis,1
lfm,1
lfp,1
lfs,1
lft,1
lg,1
lhb,1
liang,1
liao,1
lib,1
library,1
lichen,1
lidio,1
lighttpd,1
lihb,1
lij,1
lila,1
lili,1
lilian,1
lillo,1
liming,1
limpa,1
lina,1
line,1
linker,1
linus,1
linwang,1
lion,1
lis,1
lisa,1
lishuai,1
liuchong,1
liumin,1
liupeng,1
liushuzhi,1
liuwen,1
liuxq,1
liuyang,1
liuzh,1
liuzy,1
live,1
livechat,1
liviu,1
livy,1
lixiang,1
lizk,1
lj,1
ljh,1
ljs,1
lk,1
lkh,1
lkj,1
lkn,1
lky,1
ll,1
lll,1
lma,1
lmy,1
ln,1
lnn,1
Lobby,1
localadmin,1
log,1
logview,1
lokesh,1
lorenza,1
lorien,1
lorna,1
lory,1
loser,1
lost+found,1
losts,1
lotte,1
lou,1
louwg,1
loyal,1
lpadmin,1
lpf,1
lra,1
lsa,1
lsfadmin,1
lsp,1
lsr,1
ltq,1
ltv,1
lu,1
luat,1
luc,1
luciano,1
lucy,1
luis,1
luky,1
lum,1
luo,1
luoyu,1
luser,1
lut,1
luz,1
lwc,1
lwq,1
lxk,1
lxm,1
lxr,1
lxx,1
lxy,1
lyb,1
lydia,1
lyn,1
lynda,1
lyne,1
lynx,1
lyx,1
lzg,1
lzhang,1
lzj,1
lzp,1
lzs,1
ma,1
maciej,1
made,1
madhouse,1
madhu,1
maggiori,1
magic,1
mailman,1
mailserver,1
maintain,1
maintainer,1
maintenance,1
mali,1
malin,1
mall,1
mama,1
mami,1
man1,1
manage,1
manager1,1
mangesh,1
mango,1
mapred,1
marcio,1
marek,1
margaux,1
maria,1
mariana,1
marianela,1
marieke,1
marimo,1
marius,1
mark,1
marlene,1
marry,1
marta,1
martha,1
martina,1
martyn,1
maruyama,1
marvin,1
maryam,1
masako,1
massimo,1
mat,1
mateusz,1
matheus,1
mathilde,1
matie,1
matteo,1
mattia,1
maurice,1
mauricio,1
maven,1
maxadmin,1
maxi,1
maz,1
mc2,1
mce,1
mcftp,1
mcguitaruser,1
mchen,1
mcserveradmin,1
mct,1
mdm,1
mdo,1
mea,1
media,1
medical,1
mehdi,1
meimei,1
mel,1
melanie,1
melendez,1
member,1
memory,1
mercedes,1
metro,1
mew,1
mexico,1
mfm,1
mh,1
mhj,1
mhq,1
mic,1
mich,1
michele,1
michi,1
micro,1
midgear,1
mietek,1
mika,1
mikael,1
mikrotik,1
mila,1
milena,1
minerva,1
ming,1
mingdong,1
mininet,1
mio,1
mircea,1
mirna,1
mirror,1
mitch,1
miusuario,1
mk,1
mkt,1
mku,1
mm,1
mma,1
mmendez,1
mmk,1
mmy,1
mn,1
mob,1
mobiquity,1
mohsen,1
mon,1
money,1
monica,1
monika,1
monique,1
monk,1
monte,1
moodog,1
moon,1
morris,1
mort,1
mos,1
mot,1
mother,1
mozilla,1
mp,1
mpi,1
mpiuser,1
mpw,1
mq,1
mql,1
mrj,1
mrm,1
mrr,1
mrs,1
msc,1
msmith,1
msr,1
mss,1
mt,1
mtch,1
mth,1
mts,1
muan,1
mukti,1
mule,1
multimedia,1
murai,1
mv,1
mvk,1
mvx,1
mwang,1
mxintadm,1
mym,1
myroot,1
mysql_public,1
mysqld,1
mythtv,1
myuser1,1
mzy,1
na,1
nadia,1
nadmin,1
nag,1
nagi,1
nanjingidc.com,1
nano,1
naoki,1
nara,1
nas,1
nasser,1
nathan,1
natural,1
navy,1
nc,1
ncc,1
nci,1
neeraj,1
neide,1
nelio,1
nem,1
neo,1
nero,1
nest,1
netadmin,1
netapp,1
netflix,1
networking,1
newrelic,1
newtest,1
nextcloud,1
nfsnobody,1
ng,1
nge,1
nginxtcp,1
ngs,1
nib,1
nicole,1
nifi,1
nikita,1
nikolas,1
nikolay,1
nils,1
nisha,1
nishant,1
nitin,1
nj,1
nl,1
nm,1
no-reply,1
noaccess,1
none,1
noob,1
norm,1
novo,1
nozomi,1
nps,1
nrpe,1
nsp,1
nst,1
ntadm,1
ntb,1
ntc,1
nti,1
ntt,1
nuevo,1
nurul,1
nuxeo,1
nvr,1
nya,1
o,1
ob,1
octopus,1
odbc,1
odoo10,1
odoo11,1
odoo2,1
odoo8,1
oem,1
oet,1
oficina,1
oit,1
ok,1
ole,1
oleg,1
olga,1
olivia,1
ols,1
ome,1
omv,1
one,1
openbraov,1
openkm,1
openstack,1
openvpn,1
ops,1
opus,1
or,1
ora,1
orauat,1
oravis,1
order,1
origin,1
orion,1
os,1
osvaldo,1
ota,1
otavio,1
otk,1
otoniel,1
owj,1
owner,1
ox,1
oy,1
oz,1
p,1
P@$$WoRd,1
P@55wordp,1
P455w0rd!@#,1
pa,1
Pa55w0rd!@,1
Pa55word!@,1
packet,1
pacs,1
pad,1
page,1
pages,1
palash,1
palm,1
paola,1
paras,1
PaRh3nB9,1
paris,1
patch,1
patria,1
patrice,1
pau,1
paulj,1
paulo,1
pav,1
pawel,1
pb,1
pch,1
percy,1
perforce,1
perla,1
pers,1
peru,1
peuser,1
pfz,1
pg,1
ph,1
pha,1
phd,1
phf,1
phil,1
phoebe,1
phoenix,1
photo,1
photos,1
physics,1
pico,1
pilot,1
pin,1
pippo,1
planeacion,1
platform,1
plaza,1
ple,1
pli,1
plo,1
pmb,1
pokemon,1
pol,1
polaris,1
police,1
pom,1
poney,1
pop,1
poq,1
porte,1
poseidon,1
post,1
postfix,1
postgres1,1
power,1
pp,1
ppl,1
ppldtepe,1
PPSNEPL,1
pptpd,1
pr,1
practice,1
prakash,1
pratik,1
prd,1
precious,1
preston,1
princess,1
priscilla,1
privoxy,1
priyam,1
pro1,1
prod,1
product,1
profe,1
prometey,1
prueba2,1
pse,1
pst,1
psu,1
publico,1
publish,1
publisher,1
puppet,1
purple,1
puser,1
pv,1
px,1
pych,1
pydio,1
pyo,1
pyramide,1
pyy,1
q,1
qaz,1
qb,1
qbtuser,1
qc,1
qcj,1
qfc,1
qihang,1
qin,1
qiuhong,1
qsun,1
qswang,1
qt,1
quc,1
quentin,1
qwe@123123,1
qwe1213,1
Qwers,1
qwerty,1
qwerty5,1
qxj,1
qyl,1
rachael,1
rack,1
rad,1
rado,1
raf,1
rafi,1
raghu,1
rahimi,1
rahul,1
raimundo,1
rainbow,1
rainer,1
rajat,1
rajeev,1
rakesh,1
ralph,1
rameez,1
ramiro,1
ramu,1
randy,1
ranjit,1
rap,1
raph,1
raphael,1
ras,1
raspberrypi,1
rcg,1
rcp,1
rdf,1
rdy,1
real,1
realdoctor,1
reba,1
reboot,1
rec,1
reception,1
red,1
red5,1
redash,1
redbot,1
reg,1
reghan,1
regis,1
reinhard,1
relay,1
remi,1
remote,1
reo,1
research,1
reshma,1
resolve,1
resto,1
rew,1
rex,1
rey,1
rhea,1
rho,1
riana,1
richa,1
richards,1
riki,1
riv,1
rizal,1
rk,1
rl,1
rliu,1
roberta,1
rocio,1
rodrigo,1
rohan,1
romeo,1
rona,1
ronan,1
roozbeh,1
rosa,1
router,1
RPM,1
rpt,1
rq,1
rqh,1
rrl,1
rsh,1
rst,1
rsyncd,1
rt,1
ruben,1
ruby,1
rud,1
rui,1
rundeck,1
rupert,1
ruslan,1
rvw,1
rvx,1
ryuta,1
sabine,1
sabrina,1
sadmin,1
saeed,1
sai,1
sair,1
sakai,1
sakshi,1
salt,1
salva,1
sama,1
saman,1
sample,1
san,1
sandra,1
sandt,1
sansforensics,1
santana,1
santi,1
santiago,1
sanyo,1
sapdb,1
saq,1
sar,1
sara,1
sasha,1
sasi,1
satis,1
sato,1
satou,1
satu,1
saul,1
sav,1
sawada,1
sbh,1
sbin,1
sc,1
scan1,1
sce,1
school,1
scj,1
scl,1
scm,1
sda,1
sdbadmin,1
sdp,1
sdr,1
sdt,1
sdu,1
sdv,1
seamus,1
seb,1
security,1
see,1
segreteria,1
select,1
senju,1
senthil,1
sergei,1
sergey,1
server%2012,1
server2,1
serverpilot,1
servers,1
services,1
servidor,1
servis,1
setup,1
seven,1
sf,1
sga,1
sgcc,1
sgl,1
sgt,1
sgyuri,1
sham,1
shan,1
shankar,1
shared,1
shells,1
shen,1
sheng,1
shift,1
shipping,1
shiva,1
shivam,1
shl,1
shobhit,1
shree,1
shrikant,1
sia,1
sibyl,1
simeon,1
simple,1
simran,1
sims,1
sinus1,1
sip,1
sistemas2,1
siteadmin,1
sites,1
siti,1
sjd,1
sjl,1
sklep,1
skynet,1
skz,1
slack,1
slr,1
smart,1
smartshare,1
smb,1
smile,1
smkwon,1
sml,1
sms,1
smt,1
smw,1
snt,1
soc,1
socket,1
soft,1
soi,1
sol,1
solange,1
sonarqube,1
songlin,1
sonny,1
sorin,1
sos,1
spamd,1
speak,1
spf,1
spider,1
spl,1
splash,1
spring,1
sps,1
sqh,1
sqoop,1
squadserver,1
sr,1
srvadmin,1
ssc,1
ssha,1
sshproxy,1
sshtunnel,1
sshusr,1
sshvpn,1
sss,1
ssy,1
stage,1
stanley,1
star,1
starbound,1
status,1
stb,1
stef,1
steph,1
stephan,1
stephen,1
stl,1
stone,1
storage,1
sts,1
stuart,1
student03,1
student07,1
student10,1
studio,1
study,1
stue,1
stuser,1
su,1
subhana,1
sudo1,1
sugon,1
sui,1
summer,1
suncong,1
sungki,1
sunrise,1
superman,1
surendra,1
survey,1
susana,1
suser,1
sushant,1
susi,1
sv,1
svaadmin,1
svm,1
swa,1
swapnil,1
swathi,1
swift,1
sxb,1
sxc,1
sxx,1
sye,1
syftp,1
synapse,1
syp,1
sysgames,1
syslog,1
szd,1
szef,1
szy,1
t7inst,1
tamara,1
tanaka,1
taniac,1
tanja,1
tara,1
tareq,1
taro,1
taylor,1
taz,1
tbd,1
tcb,1
tci,1
tcp,1
tcu,1
td,1
tdi,1
tea,1
teach,1
teamspeak3-user,1
teaspeak,1
technik,1
technology,1
tecmint,1
tele,1
telegram,1
telekom,1
temp1,1
tempuser,1
teresa,1
term,1
terminal,1
test_qpfs,1
test001,1
test05,1
test101,1
test1234,1
test4,1
test7,1
test8,1
testbed,1
testdb,1
teste1,1
testi,1
testlab,1
testsftp,1
testuser5,1
text,1
tf2server,1
theodore,1
tibo,1
ticket,1
tif,1
tiles,1
tin,1
tino,1
tir,1
tiziano,1
tm,1
tmn,1
tmy,1
toa,1
token,1
tomcat1,1
tomcat7,1
tomcat8,1
tomcat9,1
tomm,1
tomy,1
top,1
topgui,1
torque,1
toxic,1
tpuser,1
tqm,1
trackmania,1
trade,1
train1,1
trevor,1
trial,1
trx,1
try,1
tryton,1
ts1,1
ts3bot2,1
ts3server1,1
ts3user,1
tsm,1
ttb,1
ttest,1
ttf,1
tty,1
tu,1
tuan,1
tunel,1
tushar,1
two,1
txl,1
txx,1
tys,1
tzq,1
uac,1
ub,1
ubuntu2,1
ucc,1
uda,1
uday,1
ueda,1
ues,1
ui,1
uju,1
ulus,1
umar,1
umesh,1
umg,1
umi,1
unicorn,1
unix,1
uno,1
uno50,1
unturned,1
uos,1
upf,1
ups,1
urban,1
us,1
user001,1
user02,1
user13,1
user15,1
user21,1
user22,1
user7,1
user8,1
useradmin,1
usher,1
ut3,1
ut99,1
uuuu,1
uwsgi,1
uzi,1
vacation,1
vada,1
vagner,1
vah,1
valli,1
valter,1
vasya,1
vboxadmin,1
vboxuser,1
vbx,1
vdi,1
vector,1
veeam,1
velocity,1
venkat,1
venom,1
ventura,1
veronica,1
vf,1
vhp,1
vianney,1
videolan,1
view,1
village,1
vimal,1
vincent,1
vipul,1
viral,1
virgilio,1
virtuoso,1
vit,1
vitalina,1
viteo,1
vk,1
vmc,1
vna,1
vo,1
von,1
vpnuser,1
vserver,1
vsftp,1
vss,1
vt,1
vtcbikes,1
vu,1
vue,1
vvv,1
wa,1
wad,1
wade,1
wagner,1
wallace,1
walle,1
wanda,1
wang,1
wangcheng,1
wangfeng,1
wanghaiyan,1
wangjixin,1
wangxu,1
wangy,1
wangyi,1
wangyin,1
wangzhe,1
watanabe,1
wbiadmin,1
wcc,1
wch,1
wcq,1
wcsuser,1
wct,1
web1,1
web2,1
webcam,1
webftp,1
webhost,1
webnet,1
webster,1
weiwei,1
weldon,1
wellington,1
wen,1
werner,1
wetserver,1
wey,1
wf,1
wget,1
wig,1
wilma,1
wim,1
winston,1
winter,1
wj,1
wjc,1
wjchen,1
wjh,1
wjs,1
wjy,1
wlp,1
wlw,1
wm,1
wmc,1
wmdemo,1
wmf,1
wmz,1
word,1
worker1,1
wow,1
wp-admin,1
wpa,1
wrf,1
write,1
wrk,1
ws,1
wsd,1
wsi,1
wsk,1
wsq,1
wss,1
wsy,1
wum,1
wuqianhan,1
wutong,1
wuyan,1
wwwadmin,1
wwwroot,1
wwz,1
wy,1
wyd,1
wzp,1
wzw,1
xbmc,1
xbox,1
xcc,1
xcy,1
xcz,1
xd,1
xe,1
xerxes,1
xf,1
xhl,1
xhu,1
xia,1
xiao,1
xiaojie,1
xiaoyan,1
xiewenjing,1
xinyi,1
xiongjiayu,1
xip,1
xixi,1
xj,1
xjf,1
xjg,1
xjt,1
xl,1
xm,1
xman,1
xmeta,1
xny,1
xo,1
xor,1
xpq,1
xs,1
xufang,1
xunjian,1
xusen,1
xuy,1
xuyf,1
xuyuanchao,1
xxx,1
xyc,1
xyj,1
xys,1
xzh,1
xzy,1
y,1
yac,1
yana,1
yangchen,1
yangfan,1
yangjie,1
yanglin,1
yangyang,1
yanwei,1
yar,1
yarn,1
yaroslav,1
yashoda,1
yet,1
yfc,1
yg,1
yhl,1
yjq,1
ykf,1
yly,1
ymn,1
yoann,1
yolanda,1
yos,1
yosa,1
youcef,1
yp,1
ypf,1
ypl,1
yr,1
ysl,1
ysong,1
ysop,1
yss,1
ytc,1
yuan,1
yuanxun,1
yuchen,1
yue,1
yuki,1
yum,1
yutianyu,1
yuyang,1
yves,1
ywf,1
yxh,1
yyh,1
yyy,1
zap,1
zck,1
zcx,1
zds,1
ze,1
zeng,1
zeppelin,1
zfg,1
zfl,1
zfs,1
zhangfei,1
zhanghw,1
zhanglin,1
zhangshifeng,1
zhangy,1
zhangyang,1
zhangyansen,1
zhangyao,1
zhangyd,1
zhangzicheng,1
zhaohao,1
zhaokai,1
zhaoxu,1
zhaoyang,1
zhaoyk,1
zheng,1
zhengang,1
zhiying,1
zhongzhang,1
zhouchen,1
zhouh,1
zhouying,1
zhs,1
zihang,1
zilong,1
zim,1
zjc,1
zjk,1
zjm,1
zjy,1
zn,1
znc-admin,1
zombie,1
zoneminder,1
zope,1
zouying,1
zqy,1
zrb,1
zs,1
zsf,1
zsq,1
zsr,1
zunwen,1
zwxtusr,1
zxb,1
zxc,1
zxg,1
zyh,1
zyn,1
zyq,1
zzl,1
zzp,1
zzr,1
zzy,1
zzz,1
zzzz,1
